Workbook

Sheet cleaned_transactions
A1: transaction_id | B1: transaction_date | C1: merchant_name_clean | D1: amount_usd | E1: status_clean | F1: risk_score_clean | G1: gateway_region_clean | H1: user_id | I1: User Name | J1: payment_method | K1: Account_Manager | L1: merchant_category | M1: high_value_flag | N1: high_risk_flag
A2: T001 | B2: 46082 | C2: Alpha Mart | D2: 4998 | E2: Captured | F2: 62 | G2: APAC | H2: U001 | I2: =VLOOKUP(H2, users!$A$2:$B$11, 2, FALSE) -> Aarav Shah | J2: UPI | K2: =VLOOKUP(C2, merchant_master!$B$2:$C$6, 2, FALSE) -> Aisha Khan | L2: =VLOOKUP(C2, merchant_master!$B$2:$D$6, 3, FALSE) -> Grocery | M2: =IF(OR(AND(G2="APAC", D2>5000),AND(G2="EU", D2>6000),AND(G2="US", D2>7000)), 1, 0) -> 0 | N2: =IF(OR(F2>=70, E2="Chargeback"), 1, 0) -> 0
A3: T002 | B3: 46082 | C3: Alpha Mart | D3: 2499 | E3: Captured | F3: 55 | G3: MISSING | H3: U002 | I3: =VLOOKUP(H3, users!$A$2:$B$11, 2, FALSE) -> Meera Iyer | J3: Card | K3: =VLOOKUP(C3, merchant_master!$B$2:$C$6, 2, FALSE) -> Aisha Khan | L3: =VLOOKUP(C3, merchant_master!$B$2:$D$6, 3, FALSE) -> Grocery | M3: =IF(OR(AND(G3="APAC", D3>5000),AND(G3="EU", D3>6000),AND(G3="US", D3>7000)), 1, 0) -> 0 | N3: =IF(OR(F3>=70, E3="Chargeback"), 1, 0) -> 0
A4: T003 | B4: 46082 | C4: Beta Stores | D4: 6069 | E4: Captured | F4: 71 | G4: APAC | H4: U003 | I4: =VLOOKUP(H4, users!$A$2:$B$11, 2, FALSE) -> Kabir Jain | J4: NetBanking | K4: =VLOOKUP(C4, merchant_master!$B$2:$C$6, 2, FALSE) -> Rohan Mehta | L4: =VLOOKUP(C4, merchant_master!$B$2:$D$6, 3, FALSE) -> Electronics | M4: =IF(OR(AND(G4="APAC", D4>5000),AND(G4="EU", D4>6000),AND(G4="US", D4>7000)), 1, 0) -> 1 | N4: =IF(OR(F4>=70, E4="Chargeback"), 1, 0) -> 1
A5: T023 | B5: 46082 | C5: City Pharma | D5: 5616 | E5: Captured | F5: 42 | G5: EU | H5: U003 | I5: =VLOOKUP(H5, users!$A$2:$B$11, 2, FALSE) -> Kabir Jain | J5: Card | K5: =VLOOKUP(C5, merchant_master!$B$2:$C$6, 2, FALSE) -> Elena Rossi | L5: =VLOOKUP(C5, merchant_master!$B$2:$D$6, 3, FALSE) -> Healthcare | M5: =IF(OR(AND(G5="APAC", D5>5000),AND(G5="EU", D5>6000),AND(G5="US", D5>7000)), 1, 0) -> 0 | N5: =IF(OR(F5>=70, E5="Chargeback"), 1, 0) -> 0
A6: T027 | B6: 46082 | C6: Delta Travels | D6: 7200 | E6: Captured | F6: 49 | G6: US | H6: U007 | I6: =VLOOKUP(H6, users!$A$2:$B$11, 2, FALSE) -> Noah Kim | J6: Card | K6: =VLOOKUP(C6, merchant_master!$B$2:$C$6, 2, FALSE) -> Marcus Lee | L6: =VLOOKUP(C6, merchant_master!$B$2:$D$6, 3, FALSE) -> Travel | M6: =IF(OR(AND(G6="APAC", D6>5000),AND(G6="EU", D6>6000),AND(G6="US", D6>7000)), 1, 0) -> 1 | N6: =IF(OR(F6>=70, E6="Chargeback"), 1, 0) -> 0
A7: T004 | B7: 46083 | C7: Beta Stores | D7: 1920 | E7: Failed E05 Timeout | F7: 68 | G7: APAC | H7: U004 | I7: =VLOOKUP(H7, users!$A$2:$B$11, 2, FALSE) -> Sofia Rossi | J7: Card | K7: =VLOOKUP(C7, merchant_master!$B$2:$C$6, 2, FALSE) -> Rohan Mehta | L7: =VLOOKUP(C7, merchant_master!$B$2:$D$6, 3, FALSE) -> Electronics | M7: =IF(OR(AND(G7="APAC", D7>5000),AND(G7="EU", D7>6000),AND(G7="US", D7>7000)), 1, 0) -> 0 | N7: =IF(OR(F7>=70, E7="Chargeback"), 1, 0) -> 0
A8: T005 | B8: 46083 | C8: Alpha Mart | D8: 4680 | E8: Captured | F8: 58 | G8: MISSING | H8: U001 | I8: =VLOOKUP(H8, users!$A$2:$B$11, 2, FALSE) -> Aarav Shah | J8: UPI | K8: =VLOOKUP(C8, merchant_master!$B$2:$C$6, 2, FALSE) -> Aisha Khan | L8: =VLOOKUP(C8, merchant_master!$B$2:$D$6, 3, FALSE) -> Grocery | M8: =IF(OR(AND(G8="APAC", D8>5000),AND(G8="EU", D8>6000),AND(G8="US", D8>7000)), 1, 0) -> 0 | N8: =IF(OR(F8>=70, E8="Chargeback"), 1, 0) -> 0
A9: T006 | B9: 46083 | C9: Beta Stores | D9: 3300 | E9: Captured | F9: 64 | G9: MISSING | H9: U005 | I9: =VLOOKUP(H9, users!$A$2:$B$11, 2, FALSE) -> Vikram Nair | J9: Wallet | K9: =VLOOKUP(C9, merchant_master!$B$2:$C$6, 2, FALSE) -> Rohan Mehta | L9: =VLOOKUP(C9, merchant_master!$B$2:$D$6, 3, FALSE) -> Electronics | M9: =IF(OR(AND(G9="APAC", D9>5000),AND(G9="EU", D9>6000),AND(G9="US", D9>7000)), 1, 0) -> 0 | N9: =IF(OR(F9>=70, E9="Chargeback"), 1, 0) -> 0
A10: T007 | B10: 46083 | C10: Alpha Mart | D10: 5400 | E10: Chargeback | F10: 83 | G10: APAC | H10: U006 | I10: =VLOOKUP(H10, users!$A$2:$B$11, 2, FALSE) -> Riya Gupta | J10: Card | K10: =VLOOKUP(C10, merchant_master!$B$2:$C$6, 2, FALSE) -> Aisha Khan | L10: =VLOOKUP(C10, merchant_master!$B$2:$D$6, 3, FALSE) -> Grocery | M10: =IF(OR(AND(G10="APAC", D10>5000),AND(G10="EU", D10>6000),AND(G10="US", D10>7000)), 1, 0) -> 1 | N10: =IF(OR(F10>=70, E10="Chargeback"), 1, 0) -> 1
A11: T024 | B11: 46083 | C11: Eco Home | D11: 6649 | E11: Chargeback | F11: 65 | G11: EU | H11: U004 | I11: =VLOOKUP(H11, users!$A$2:$B$11, 2, FALSE) -> Sofia Rossi | J11: Card | K11: =VLOOKUP(C11, merchant_master!$B$2:$C$6, 2, FALSE) -> Nina Weber | L11: =VLOOKUP(C11, merchant_master!$B$2:$D$6, 3, FALSE) -> Home | M11: =IF(OR(AND(G11="APAC", D11>5000),AND(G11="EU", D11>6000),AND(G11="US", D11>7000)), 1, 0) -> 1 | N11: =IF(OR(F11>=70, E11="Chargeback"), 1, 0) -> 1
A12: T028 | B12: 46083 | C12: Delta Travels | D12: 3100 | E12: Captured | F12: 41 | G12: US | H12: U008 | I12: =VLOOKUP(H12, users!$A$2:$B$11, 2, FALSE) -> Ishaan Verma | J12: Card | K12: =VLOOKUP(C12, merchant_master!$B$2:$C$6, 2, FALSE) -> Marcus Lee | L12: =VLOOKUP(C12, merchant_master!$B$2:$D$6, 3, FALSE) -> Travel | M12: =IF(OR(AND(G12="APAC", D12>5000),AND(G12="EU", D12>6000),AND(G12="US", D12>7000)), 1, 0) -> 0 | N12: =IF(OR(F12>=70, E12="Chargeback"), 1, 0) -> 0
A13: T008 | B13: 46084 | C13: Beta Stores | D13: 4114 | E13: Captured | F13: 59 | G13: MISSING | H13: U007 | I13: =VLOOKUP(H13, users!$A$2:$B$11, 2, FALSE) -> Noah Kim | J13: UPI | K13: =VLOOKUP(C13, merchant_master!$B$2:$C$6, 2, FALSE) -> Rohan Mehta | L13: =VLOOKUP(C13, merchant_master!$B$2:$D$6, 3, FALSE) -> Electronics | M13: =IF(OR(AND(G13="APAC", D13>5000),AND(G13="EU", D13>6000),AND(G13="US", D13>7000)), 1, 0) -> 0 | N13: =IF(OR(F13>=70, E13="Chargeback"), 1, 0) -> 0
... A31: T030 | B31: 46087 | C31: Delta Travels | D31: 1800 | E31: Failed E05 Timeout | F31: 47 | G31: US | H31: U010 | I31: =VLOOKUP(H31, users!$A$2:$B$11, 2, FALSE) -> Liam Carter | J31: UPI | K31: =VLOOKUP(C31, merchant_master!$B$2:$C$6, 2, FALSE) -> Marcus Lee | L31: =VLOOKUP(C31, merchant_master!$B$2:$D$6, 3, FALSE) -> Travel | M31: =IF(OR(AND(G31="APAC", D31>5000),AND(G31="EU", D31>6000),AND(G31="US", D31>7000)), 1, 0) -> 0 | N31: =IF(OR(F31>=70, E31="Chargeback"), 1, 0) -> 0

Sheet merchant_risk_summary
A1: status_clean | B1: SUM of amount_usd
A2: Captured | B2: 82355.5
A3: Chargeback | B3: 16260
A4: Failed E05 Timeout | B4: 17464.5
A5: Grand Total | B5: 116080 | D5: merchant_name_clean | E5: SUM of amount_usd | G5: gateway_region_clean | H5: SUM of amount_usd
D6: Alpha Mart | E6: 40812 | G6: APAC | H6: 50177.5
D7: Beta Stores | E7: 41782 | G7: EU | H7: 18886
D8: City Pharma | E8: 8640 | G8: MISSING | H8: 32416.5
D9: Delta Travels | E9: 14600 | G9: US | H9: 14600
D10: Eco Home | E10: 10246 | G10: Grand Total | H10: 116080
D11: Grand Total | E11: 116080
A12: merchant_name_clean | B12: SUM of high_value_flag
A13: Alpha Mart | B13: 2
A14: Beta Stores | B14: 2
A15: City Pharma | B15: 0
A16: Delta Travels | B16: 1
A17: Eco Home | B17: 1 | D17: User Name | E17: SUM of high_value_flag
A18: Grand Total | B18: 6 | D18: Aarav Shah | E18: 1
D19: Emma Brooks | E19: 0
D20: Ishaan Verma | E20: 0
D21: Kabir Jain | E21: 1
A22: merchant_name_clean | B22: SUM of high_risk_flag | D22: Liam Carter | E22: 0
A23: Alpha Mart | B23: 2 | D23: Meera Iyer | E23: 0
A24: Beta Stores | B24: 5 | D24: Noah Kim | E24: 1
A25: City Pharma | B25: 0 | D25: Riya Gupta | E25: 1
A26: Delta Travels | B26: 1 | D26: Sofia Rossi | E26: 1
A27: Eco Home | B27: 1 | D27: Vikram Nair | E27: 1
A28: Grand Total | B28: 9 | D28: Grand Total | E28: 6

Sheet transactions_raw
A1: transaction_id | B1: transaction_date | C1: transaction_date_validation | D1: merchant_name | E1: merchant_name_clean | F1: raw_amount | G1: amount_usd | H1: currency | I1: status | J1: status_clean | K1: risk_score | L1: risk_score_clean | M1: gateway_region | N1: gateway_region_clean | O1: user_id | P1: User Name | Q1: payment_method | R1: Account_Manager | S1: merchant_category | T1: high_value_flag | U1: high_risk_flag
A2: T001 | B2: 46082 | C2: =IFERROR(__xludf.DUMMYFUNCTION("ISDATE(B2)"),TRUE) -> TRUE | D2: alpha mart | E2: =PROPER(TRIM(D2)) -> Alpha Mart | F2: 420000 | G2: =F2*exchange_rates!C$2 -> 4998 | H2: INR | I2: captured | J2: =PROPER(TRIM(I2)) -> Captured | K2: score:62 | L2: =IFERROR(__xludf.DUMMYFUNCTION("IFERROR(VALUE(REGEXREPLACE(TO_TEXT(K2), ""[^0-9]"", """")), K2)"),62) -> 62 | M2: APAC | N2: =IF(TRIM(M2)="", "MISSING", UPPER(TRIM(M2))) -> APAC | O2: U001 | P2: =VLOOKUP(O2, users!$A$2:$B$11, 2, FALSE) -> Aarav Shah | Q2: UPI | R2: =VLOOKUP(E2, merchant_master!$B$2:$C$6, 2, FALSE) -> Aisha Khan | S2: =VLOOKUP(E2, merchant_master!$B$2:$D$6, 3, FALSE) -> Grocery | T2: =IF(OR(AND(N2="APAC", G2>5000),AND(N2="EU", G2>6000),AND(N2="US", G2>7000)), 1, 0) -> 0 | U2: =IF(OR(L2>=70, I2="Chargeback"), 1, 0) -> 0
A3: T002 | B3: 46082 | C3: =IFERROR(__xludf.DUMMYFUNCTION("ISDATE(B3)"),TRUE) -> TRUE | D3: ALPHA MART | E3: =PROPER(TRIM(D3)) -> Alpha Mart | F3: 210000 | G3: =F3*exchange_rates!C$2 -> 2499 | H3: INR | I3: Captured | J3: =PROPER(TRIM(I3)) -> Captured | K3: 55 | L3: =IFERROR(__xludf.DUMMYFUNCTION("IFERROR(VALUE(REGEXREPLACE(TO_TEXT(K3), ""[^0-9]"", """")), K3)"),55) -> 55 | N3: =IF(TRIM(M3)="", "MISSING", UPPER(TRIM(M3))) -> MISSING | O3: U002 | P3: =VLOOKUP(O3, users!$A$2:$B$11, 2, FALSE) -> Meera Iyer | Q3: Card | R3: =VLOOKUP(E3, merchant_master!$B$2:$C$6, 2, FALSE) -> Aisha Khan | S3: =VLOOKUP(E3, merchant_master!$B$2:$D$6, 3, FALSE) -> Grocery | T3: =IF(OR(AND(N3="APAC", G3>5000),AND(N3="EU", G3>6000),AND(N3="US", G3>7000)), 1, 0) -> 0 | U3: =IF(OR(L3>=70, I3="Chargeback"), 1, 0) -> 0
A4: T003 | B4: 46082 | C4: =IFERROR(__xludf.DUMMYFUNCTION("ISDATE(B4)"),TRUE) -> TRUE | D4: BETA STORES | E4: =PROPER(TRIM(D4)) -> Beta Stores | F4: 510000 | G4: =F4*exchange_rates!C$2 -> 6069 | H4: INR | I4: CAPTURED | J4: =PROPER(TRIM(I4)) -> Captured | K4: 71 | L4: =IFERROR(__xludf.DUMMYFUNCTION("IFERROR(VALUE(REGEXREPLACE(TO_TEXT(K4), ""[^0-9]"", """")), K4)"),71) -> 71 | M4: APAC | N4: =IF(TRIM(M4)="", "MISSING", UPPER(TRIM(M4))) -> APAC | O4: U003 | P4: =VLOOKUP(O4, users!$A$2:$B$11, 2, FALSE) -> Kabir Jain | Q4: NetBanking | R4: =VLOOKUP(E4, merchant_master!$B$2:$C$6, 2, FALSE) -> Rohan Mehta | S4: =VLOOKUP(E4, merchant_master!$B$2:$D$6, 3, FALSE) -> Electronics | T4: =IF(OR(AND(N4="APAC", G4>5000),AND(N4="EU", G4>6000),AND(N4="US", G4>7000)), 1, 0) -> 1 | U4: =IF(OR(L4>=70, I4="Chargeback"), 1, 0) -> 1
A5: T004 | B5: 46083 | C5: =IFERROR(__xludf.DUMMYFUNCTION("ISDATE(B5)"),TRUE) -> TRUE | D5: Beta Stores | E5: =PROPER(TRIM(D5)) -> Beta Stores | F5: 160000 | G5: =F5*exchange_rates!C$5 -> 1920 | H5: INR | I5: failed e05 timeout | J5: =PROPER(TRIM(I5)) -> Failed E05 Timeout | K5: 68 | L5: =IFERROR(__xludf.DUMMYFUNCTION("IFERROR(VALUE(REGEXREPLACE(TO_TEXT(K5), ""[^0-9]"", """")), K5)"),68) -> 68 | M5: apac | N5: =IF(TRIM(M5)="", "MISSING", UPPER(TRIM(M5))) -> APAC | O5: U004 | P5: =VLOOKUP(O5, users!$A$2:$B$11, 2, FALSE) -> Sofia Rossi | Q5: Card | R5: =VLOOKUP(E5, merchant_master!$B$2:$C$6, 2, FALSE) -> Rohan Mehta | S5: =VLOOKUP(E5, merchant_master!$B$2:$D$6, 3, FALSE) -> Electronics | T5: =IF(OR(AND(N5="APAC", G5>5000),AND(N5="EU", G5>6000),AND(N5="US", G5>7000)), 1, 0) -> 0 | U5: =IF(OR(L5>=70, I5="Chargeback"), 1, 0) -> 0
A6: T005 | B6: 46083 | C6: =IFERROR(__xludf.DUMMYFUNCTION("ISDATE(B6)"),TRUE) -> TRUE | D6: Alpha Mart | E6: =PROPER(TRIM(D6)) -> Alpha Mart | F6: 390000 | G6: =F6*exchange_rates!C$5 -> 4680 | H6: INR | I6: CAPTURED | J6: =PROPER(TRIM(I6)) -> Captured | K6: 58 | L6: =IFERROR(__xludf.DUMMYFUNCTION("IFERROR(VALUE(REGEXREPLACE(TO_TEXT(K6), ""[^0-9]"", """")), K6)"),58) -> 58 | N6: =IF(TRIM(M6)="", "MISSING", UPPER(TRIM(M6))) -> MISSING | O6: U001 | P6: =VLOOKUP(O6, users!$A$2:$B$11, 2, FALSE) -> Aarav Shah | Q6: UPI | R6: =VLOOKUP(E6, merchant_master!$B$2:$C$6, 2, FALSE) -> Aisha Khan | S6: =VLOOKUP(E6, merchant_master!$B$2:$D$6, 3, FALSE) -> Grocery | T6: =IF(OR(AND(N6="APAC", G6>5000),AND(N6="EU", G6>6000),AND(N6="US", G6>7000)), 1, 0) -> 0 | U6: =IF(OR(L6>=70, I6="Chargeback"), 1, 0) -> 0
A7: T006 | B7: 46083 | C7: =IFERROR(__xludf.DUMMYFUNCTION("ISDATE(B7)"),TRUE) -> TRUE | D7: Beta Stores | E7: =PROPER(TRIM(D7)) -> Beta Stores | F7: 275000 | G7: =F7*exchange_rates!C$5 -> 3300 | H7: INR | I7: Captured | J7: =PROPER(TRIM(I7)) -> Captured | K7: score:64 | L7: =IFERROR(__xludf.DUMMYFUNCTION("IFERROR(VALUE(REGEXREPLACE(TO_TEXT(K7), ""[^0-9]"", """")), K7)"),64) -> 64 | N7: =IF(TRIM(M7)="", "MISSING", UPPER(TRIM(M7))) -> MISSING | O7: U005 | P7: =VLOOKUP(O7, users!$A$2:$B$11, 2, FALSE) -> Vikram Nair | Q7: Wallet | R7: =VLOOKUP(E7, merchant_master!$B$2:$C$6, 2, FALSE) -> Rohan Mehta | S7: =VLOOKUP(E7, merchant_master!$B$2:$D$6, 3, FALSE) -> Electronics | T7: =IF(OR(AND(N7="APAC", G7>5000),AND(N7="EU", G7>6000),AND(N7="US", G7>7000)), 1, 0) -> 0 | U7: =IF(OR(L7>=70, I7="Chargeback"), 1, 0) -> 0
A8: T007 | B8: 46083 | C8: =IFERROR(__xludf.DUMMYFUNCTION("ISDATE(B8)"),TRUE) -> TRUE | D8: Alpha Mart | E8: =PROPER(TRIM(D8)) -> Alpha Mart | F8: 450000 | G8: =F8*exchange_rates!C$5 -> 5400 | H8: INR | I8: chargeback | J8: =PROPER(TRIM(I8)) -> Chargeback | K8: risk-83 | L8: =IFERROR(__xludf.DUMMYFUNCTION("IFERROR(VALUE(REGEXREPLACE(TO_TEXT(K8), ""[^0-9]"", """")), K8)"),83) -> 83 | M8: APAC | N8: =IF(TRIM(M8)="", "MISSING", UPPER(TRIM(M8))) -> APAC | O8: U006 | P8: =VLOOKUP(O8, users!$A$2:$B$11, 2, FALSE) -> Riya Gupta | Q8: Card | R8: =VLOOKUP(E8, merchant_master!$B$2:$C$6, 2, FALSE) -> Aisha Khan | S8: =VLOOKUP(E8, merchant_master!$B$2:$D$6, 3, FALSE) -> Grocery | T8: =IF(OR(AND(N8="APAC", G8>5000),AND(N8="EU", G8>6000),AND(N8="US", G8>7000)), 1, 0) -> 1 | U8: =IF(OR(L8>=70, I8="Chargeback"), 1, 0) -> 1
A9: T008 | B9: 46084 | C9: =IFERROR(__xludf.DUMMYFUNCTION("ISDATE(B9)"),TRUE) -> TRUE | D9: BETA STORES | E9: =PROPER(TRIM(D9)) -> Beta Stores | F9: 340000 | G9: =F9*exchange_rates!C$8 -> 4114 | H9: INR | I9: Captured | J9: =PROPER(TRIM(I9)) -> Captured | K9: 59 | L9: =IFERROR(__xludf.DUMMYFUNCTION("IFERROR(VALUE(REGEXREPLACE(TO_TEXT(K9), ""[^0-9]"", """")), K9)"),59) -> 59 | N9: =IF(TRIM(M9)="", "MISSING", UPPER(TRIM(M9))) -> MISSING | O9: U007 | P9: =VLOOKUP(O9, users!$A$2:$B$11, 2, FALSE) -> Noah Kim | Q9: UPI | R9: =VLOOKUP(E9, merchant_master!$B$2:$C$6, 2, FALSE) -> Rohan Mehta | S9: =VLOOKUP(E9, merchant_master!$B$2:$D$6, 3, FALSE) -> Electronics | T9: =IF(OR(AND(N9="APAC", G9>5000),AND(N9="EU", G9>6000),AND(N9="US", G9>7000)), 1, 0) -> 0 | U9: =IF(OR(L9>=70, I9="Chargeback"), 1, 0) -> 0
A10: T009 | B10: 46084 | C10: =IFERROR(__xludf.DUMMYFUNCTION("ISDATE(B10)"),TRUE) -> TRUE | D10: Alpha Mart | E10: =PROPER(TRIM(D10)) -> Alpha Mart | F10: 125000 | G10: =F10*exchange_rates!C$8 -> 1512.5 | H10: INR | I10: captured | J10: =PROPER(TRIM(I10)) -> Captured | K10: 46 | L10: =IFERROR(__xludf.DUMMYFUNCTION("IFERROR(VALUE(REGEXREPLACE(TO_TEXT(K10), ""[^0-9]"", """")), K10)"),46) -> 46 | M10: APAC | N10: =IF(TRIM(M10)="", "MISSING", UPPER(TRIM(M10))) -> APAC | O10: U002 | P10: =VLOOKUP(O10, users!$A$2:$B$11, 2, FALSE) -> Meera Iyer | Q10: Wallet | R10: =VLOOKUP(E10, merchant_master!$B$2:$C$6, 2, FALSE) -> Aisha Khan | S10: =VLOOKUP(E10, merchant_master!$B$2:$D$6, 3, FALSE) -> Grocery | T10: =IF(OR(AND(N10="APAC", G10>5000),AND(N10="EU", G10>6000),AND(N10="US", G10>7000)), 1, 0) -> 0 | U10: =IF(OR(L10>=70, I10="Chargeback"), 1, 0) -> 0
A11: T010 | B11: 46084 | C11: =IFERROR(__xludf.DUMMYFUNCTION("ISDATE(B11)"),TRUE) -> TRUE | D11: Beta Stores | E11: =PROPER(TRIM(D11)) -> Beta Stores | F11: 610000 | G11: =F11*exchange_rates!C$8 -> 7381 | H11: INR | I11: captured | J11: =PROPER(TRIM(I11)) -> Captured | K11: risk-77 | L11: =IFERROR(__xludf.DUMMYFUNCTION("IFERROR(VALUE(REGEXREPLACE(TO_TEXT(K11), ""[^0-9]"", """")), K11)"),77) -> 77 | N11: =IF(TRIM(M11)="", "MISSING", UPPER(TRIM(M11))) -> MISSING | O11: U003 | P11: =VLOOKUP(O11, users!$A$2:$B$11, 2, FALSE) -> Kabir Jain | Q11: Card | R11: =VLOOKUP(E11, merchant_master!$B$2:$C$6, 2, FALSE) -> Rohan Mehta | S11: =VLOOKUP(E11, merchant_master!$B$2:$D$6, 3, FALSE) -> Electronics | T11: =IF(OR(AND(N11="APAC", G11>5000),AND(N11="EU", G11>6000),AND(N11="US", G11>7000)), 1, 0) -> 0 | U11: =IF(OR(L11>=70, I11="Chargeback"), 1, 0) -> 1
A12: T011 | B12: 46084 | C12: =IFERROR(__xludf.DUMMYFUNCTION("ISDATE(B12)"),TRUE) -> TRUE | D12: Alpha Mart | E12: =PROPER(TRIM(D12)) -> Alpha Mart | F12: 195000 | G12: =F12*exchange_rates!C$8 -> 2359.5 | H12: INR | I12: FAILED e05 TIMEOUT | J12: =PROPER(TRIM(I12)) -> Failed E05 Timeout | L12: =IFERROR(__xludf.DUMMYFUNCTION("IFERROR(VALUE(REGEXREPLACE(TO_TEXT(K12), ""[^0-9]"", """")), K12)"),0) -> 0 | N12: =IF(TRIM(M12)="", "MISSING", UPPER(TRIM(M12))) -> MISSING | O12: U008 | P12: =VLOOKUP(O12, users!$A$2:$B$11, 2, FALSE) -> Ishaan Verma | Q12: UPI | R12: =VLOOKUP(E12, merchant_master!$B$2:$C$6, 2, FALSE) -> Aisha Khan | S12: =VLOOKUP(E12, merchant_master!$B$2:$D$6, 3, FALSE) -> Grocery | T12: =IF(OR(AND(N12="APAC", G12>5000),AND(N12="EU", G12>6000),AND(N12="US", G12>7000)), 1, 0) -> 0 | U12: =IF(OR(L12>=70, I12="Chargeback"), 1, 0) -> 0
A13: T012 | B13: 46085 | C13: =IFERROR(__xludf.DUMMYFUNCTION("ISDATE(B13)"),TRUE) -> TRUE | D13: Beta Stores | E13: =PROPER(TRIM(D13)) -> Beta Stores | F13: 250000 | G13: =F13*exchange_rates!C$11 -> 3000 | H13: INR | I13: captured | J13: =PROPER(TRIM(I13)) -> Captured | K13: risk-61 | L13: =IFERROR(__xludf.DUMMYFUNCTION("IFERROR(VALUE(REGEXREPLACE(TO_TEXT(K13), ""[^0-9]"", """")), K13)"),61) -> 61 | M13: APAC | N13: =IF(TRIM(M13)="", "MISSING", UPPER(TRIM(M13))) -> APAC | O13: U009 | P13: =VLOOKUP(O13, users!$A$2:$B$11, 2, FALSE) -> Emma Brooks | Q13: Card | R13: =VLOOKUP(E13, merchant_master!$B$2:$C$6, 2, FALSE) -> Rohan Mehta | S13: =VLOOKUP(E13, merchant_master!$B$2:$D$6, 3, FALSE) -> Electronics | T13: =IF(OR(AND(N13="APAC", G13>5000),AND(N13="EU", G13>6000),AND(N13="US", G13>7000)), 1, 0) -> 0 | U13: =IF(OR(L13>=70, I13="Chargeback"), 1, 0) -> 0
A14: T013 | B14: 46085 | C14: =IFERROR(__xludf.DUMMYFUNCTION("ISDATE(B14)"),TRUE) -> TRUE | D14: alpha mart | E14: =PROPER(TRIM(D14)) -> Alpha Mart | F14: 310000 | G14: =F14*exchange_rates!C$11 -> 3720 | H14: INR | I14: captured | J14: =PROPER(TRIM(I14)) -> Captured | K14: score:54 | L14: =IFERROR(__xludf.DUMMYFUNCTION("IFERROR(VALUE(REGEXREPLACE(TO_TEXT(K14), ""[^0-9]"", """")), K14)"),54) -> 54 | M14: APAC | N14: =IF(TRIM(M14)="", "MISSING", UPPER(TRIM(M14))) -> APAC | O14: U010 | P14: =VLOOKUP(O14, users!$A$2:$B$11, 2, FALSE) -> Liam Carter | Q14: UPI | R14: =VLOOKUP(E14, merchant_master!$B$2:$C$6, 2, FALSE) -> Aisha Khan | S14: =VLOOKUP(E14, merchant_master!$B$2:$D$6, 3, FALSE) -> Grocery | T14: =IF(OR(AND(N14="APAC", G14>5000),AND(N14="EU", G14>6000),AND(N14="US", G14>7000)), 1, 0) -> 0 | U14: =IF(OR(L14>=70, I14="Chargeback"), 1, 0) -> 0
A15: T014 | B15: 46085 | C15: =IFERROR(__xludf.DUMMYFUNCTION("ISDATE(B15)"),TRUE) -> TRUE | D15: Beta Stores | E15: =PROPER(TRIM(D15)) -> Beta Stores | F15: 470000 | G15: =F15*exchange_rates!C$11 -> 5640 | H15: INR | I15: captured | J15: =PROPER(TRIM(I15)) -> Captured | K15: risk-73 | L15: =IFERROR(__xludf.DUMMYFUNCTION("IFERROR(VALUE(REGEXREPLACE(TO_TEXT(K15), ""[^0-9]"", """")), K15)"),73) -> 73 | M15: APAC | N15: =IF(TRIM(M15)="", "MISSING", UPPER(TRIM(M15))) -> APAC | O15: U001 | P15: =VLOOKUP(O15, users!$A$2:$B$11, 2, FALSE) -> Aarav Shah | Q15: NetBanking | R15: =VLOOKUP(E15, merchant_master!$B$2:$C$6, 2, FALSE) -> Rohan Mehta | S15: =VLOOKUP(E15, merchant_master!$B$2:$D$6, 3, FALSE) -> Electronics | T15: =IF(OR(AND(N15="APAC", G15>5000),AND(N15="EU", G15>6000),AND(N15="US", G15>7000)), 1, 0) -> 1 | U15: =IF(OR(L15>=70, I15="Chargeback"), 1, 0) -> 1
A16: T015 | B16: 46085 | C16: =IFERROR(__xludf.DUMMYFUNCTION("ISDATE(B16)"),TRUE) -> TRUE | D16: Alpha Mart | E16: =PROPER(TRIM(D16)) -> Alpha Mart | F16: 130000 | G16: =F16*exchange_rates!C$11 -> 1560 | H16: INR | I16: captured | J16: =PROPER(TRIM(I16)) -> Captured | K16: score:52 | L16: =IFERROR(__xludf.DUMMYFUNCTION("IFERROR(VALUE(REGEXREPLACE(TO_TEXT(K16), ""[^0-9]"", """")), K16)"),52) -> 52 | N16: =IF(TRIM(M16)="", "MISSING", UPPER(TRIM(M16))) -> MISSING | O16: U002 | P16: =VLOOKUP(O16, users!$A$2:$B$11, 2, FALSE) -> Meera Iyer | Q16: Card | R16: =VLOOKUP(E16, merchant_master!$B$2:$C$6, 2, FALSE) -> Aisha Khan | S16: =VLOOKUP(E16, merchant_master!$B$2:$D$6, 3, FALSE) -> Grocery | T16: =IF(OR(AND(N16="APAC", G16>5000),AND(N16="EU", G16>6000),AND(N16="US", G16>7000)), 1, 0) -> 0 | U16: =IF(OR(L16>=70, I16="Chargeback"), 1, 0) -> 0
A17: T016 | B17: 46086 | C17: =IFERROR(__xludf.DUMMYFUNCTION("ISDATE(B17)"),TRUE) -> TRUE | D17: Beta Stores | E17: =PROPER(TRIM(D17)) -> Beta Stores | F17: 220000 | G17: =F17*exchange_rates!C$14 -> 2596 | H17: INR | I17: failed E05 timeout | J17: =PROPER(TRIM(I17)) -> Failed E05 Timeout | K17: risk-69 | L17: =IFERROR(__xludf.DUMMYFUNCTION("IFERROR(VALUE(REGEXREPLACE(TO_TEXT(K17), ""[^0-9]"", """")), K17)"),69) -> 69 | N17: =IF(TRIM(M17)="", "MISSING", UPPER(TRIM(M17))) -> MISSING | O17: U008 | P17: =VLOOKUP(O17, users!$A$2:$B$11, 2, FALSE) -> Ishaan Verma | Q17: Card | R17: =VLOOKUP(E17, merchant_master!$B$2:$C$6, 2, FALSE) -> Rohan Mehta | S17: =VLOOKUP(E17, merchant_master!$B$2:$D$6, 3, FALSE) -> Electronics | T17: =IF(OR(AND(N17="APAC", G17>5000),AND(N17="EU", G17>6000),AND(N17="US", G17>7000)), 1, 0) -> 0 | U17: =IF(OR(L17>=70, I17="Chargeback"), 1, 0) -> 0
A18: T017 | B18: 46086 | C18: =IFERROR(__xludf.DUMMYFUNCTION("ISDATE(B18)"),TRUE) -> TRUE | D18: Beta Stores | E18: =PROPER(TRIM(D18)) -> Beta Stores | F18: 180000 | G18: =F18*exchange_rates!C$14 -> 2124 | H18: INR | I18: Failed E05 Timeout | J18: =PROPER(TRIM(I18)) -> Failed E05 Timeout | K18: score:72 | L18: =IFERROR(__xludf.DUMMYFUNCTION("IFERROR(VALUE(REGEXREPLACE(TO_TEXT(K18), ""[^0-9]"", """")), K18)"),72) -> 72 | M18: apac | N18: =IF(TRIM(M18)="", "MISSING", UPPER(TRIM(M18))) -> APAC | O18: U008 | P18: =VLOOKUP(O18, users!$A$2:$B$11, 2, FALSE) -> Ishaan Verma | Q18: Card | R18: =VLOOKUP(E18, merchant_master!$B$2:$C$6, 2, FALSE) -> Rohan Mehta | S18: =VLOOKUP(E18, merchant_master!$B$2:$D$6, 3, FALSE) -> Electronics | T18: =IF(OR(AND(N18="APAC", G18>5000),AND(N18="EU", G18>6000),AND(N18="US", G18>7000)), 1, 0) -> 0 | U18: =IF(OR(L18>=70, I18="Chargeback"), 1, 0) -> 1
A19: T018 | B19: 46086 | C19: =IFERROR(__xludf.DUMMYFUNCTION("ISDATE(B19)"),TRUE) -> TRUE | D19: BETA STORES | E19: =PROPER(TRIM(D19)) -> Beta Stores | F19: 145000 | G19: =F19*exchange_rates!C$14 -> 1711 | H19: INR | I19: chargeback | J19: =PROPER(TRIM(I19)) -> Chargeback | K19: risk-86 | L19: =IFERROR(__xludf.DUMMYFUNCTION("IFERROR(VALUE(REGEXREPLACE(TO_TEXT(K19), ""[^0-9]"", """")), K19)"),86) -> 86 | M19: APAC | N19: =IF(TRIM(M19)="", "MISSING", UPPER(TRIM(M19))) -> APAC | O19: U008 | P19: =VLOOKUP(O19, users!$A$2:$B$11, 2, FALSE) -> Ishaan Verma | Q19: UPI | R19: =VLOOKUP(E19, merchant_master!$B$2:$C$6, 2, FALSE) -> Rohan Mehta | S19: =VLOOKUP(E19, merchant_master!$B$2:$D$6, 3, FALSE) -> Electronics | T19: =IF(OR(AND(N19="APAC", G19>5000),AND(N19="EU", G19>6000),AND(N19="US", G19>7000)), 1, 0) -> 0 | U19: =IF(OR(L19>=70, I19="Chargeback"), 1, 0) -> 1
A20: T019 | B20: 46086 | C20: =IFERROR(__xludf.DUMMYFUNCTION("ISDATE(B20)"),TRUE) -> TRUE | D20: Alpha Mart | E20: =PROPER(TRIM(D20)) -> Alpha Mart | F20: 260000 | G20: =F20*exchange_rates!C$14 -> 3068 | H20: INR | I20: Failed E05 Timeout | J20: =PROPER(TRIM(I20)) -> Failed E05 Timeout | K20: score:67 | L20: =IFERROR(__xludf.DUMMYFUNCTION("IFERROR(VALUE(REGEXREPLACE(TO_TEXT(K20), ""[^0-9]"", """")), K20)"),67) -> 67 | M20: apac | N20: =IF(TRIM(M20)="", "MISSING", UPPER(TRIM(M20))) -> APAC | O20: U008 | P20: =VLOOKUP(O20, users!$A$2:$B$11, 2, FALSE) -> Ishaan Verma | Q20: Wallet | R20: =VLOOKUP(E20, merchant_master!$B$2:$C$6, 2, FALSE) -> Aisha Khan | S20: =VLOOKUP(E20, merchant_master!$B$2:$D$6, 3, FALSE) -> Grocery | T20: =IF(OR(AND(N20="APAC", G20>5000),AND(N20="EU", G20>6000),AND(N20="US", G20>7000)), 1, 0) -> 0 | U20: =IF(OR(L20>=70, I20="Chargeback"), 1, 0) -> 0
A21: T020 | B21: 46086 | C21: =IFERROR(__xludf.DUMMYFUNCTION("ISDATE(B21)"),TRUE) -> TRUE | D21: Alpha Mart | E21: =PROPER(TRIM(D21)) -> Alpha Mart | F21: 520000 | G21: =F21*exchange_rates!C$14 -> 6136 | H21: INR | I21: Captured | J21: =PROPER(TRIM(I21)) -> Captured | K21: 75 | L21: =IFERROR(__xludf.DUMMYFUNCTION("IFERROR(VALUE(REGEXREPLACE(TO_TEXT(K21), ""[^0-9]"", """")), K21)"),75) -> 75 | M21: APAC | N21: =IF(TRIM(M21)="", "MISSING", UPPER(TRIM(M21))) -> APAC | O21: U005 | P21: =VLOOKUP(O21, users!$A$2:$B$11, 2, FALSE) -> Vikram Nair | Q21: UPI | R21: =VLOOKUP(E21, merchant_master!$B$2:$C$6, 2, FALSE) -> Aisha Khan | S21: =VLOOKUP(E21, merchant_master!$B$2:$D$6, 3, FALSE) -> Grocery | T21: =IF(OR(AND(N21="APAC", G21>5000),AND(N21="EU", G21>6000),AND(N21="US", G21>7000)), 1, 0) -> 1 | U21: =IF(OR(L21>=70, I21="Chargeback"), 1, 0) -> 1
A22: T021 | B22: 46087 | C22: =IFERROR(__xludf.DUMMYFUNCTION("ISDATE(B22)"),TRUE) -> TRUE | D22: beta stores | E22: =PROPER(TRIM(D22)) -> Beta Stores | F22: 330000 | G22: =F22*exchange_rates!C$17 -> 3927 | H22: INR | I22: captured | J22: =PROPER(TRIM(I22)) -> Captured | K22: score:63 | L22: =IFERROR(__xludf.DUMMYFUNCTION("IFERROR(VALUE(REGEXREPLACE(TO_TEXT(K22), ""[^0-9]"", """")), K22)"),63) -> 63 | N22: =IF(TRIM(M22)="", "MISSING", UPPER(TRIM(M22))) -> MISSING | O22: U006 | P22: =VLOOKUP(O22, users!$A$2:$B$11, 2, FALSE) -> Riya Gupta | Q22: Card | R22: =VLOOKUP(E22, merchant_master!$B$2:$C$6, 2, FALSE) -> Rohan Mehta | S22: =VLOOKUP(E22, merchant_master!$B$2:$D$6, 3, FALSE) -> Electronics | T22: =IF(OR(AND(N22="APAC", G22>5000),AND(N22="EU", G22>6000),AND(N22="US", G22>7000)), 1, 0) -> 0 | U22: =IF(OR(L22>=70, I22="Chargeback"), 1, 0) -> 0
A23: T022 | B23: 46087 | C23: =IFERROR(__xludf.DUMMYFUNCTION("ISDATE(B23)"),TRUE) -> TRUE | D23: ALPHA MART | E23: =PROPER(TRIM(D23)) -> Alpha Mart | F23: 410000 | G23: =F23*exchange_rates!C$17 -> 4879 | H23: INR | I23: captured | J23: =PROPER(TRIM(I23)) -> Captured | K23: 60 | L23: =IFERROR(__xludf.DUMMYFUNCTION("IFERROR(VALUE(REGEXREPLACE(TO_TEXT(K23), ""[^0-9]"", """")), K23)"),60) -> 60 | M23: APAC | N23: =IF(TRIM(M23)="", "MISSING", UPPER(TRIM(M23))) -> APAC | O23: U007 | P23: =VLOOKUP(O23, users!$A$2:$B$11, 2, FALSE) -> Noah Kim | Q23: UPI | R23: =VLOOKUP(E23, merchant_master!$B$2:$C$6, 2, FALSE) -> Aisha Khan | S23: =VLOOKUP(E23, merchant_master!$B$2:$D$6, 3, FALSE) -> Grocery | T23: =IF(OR(AND(N23="APAC", G23>5000),AND(N23="EU", G23>6000),AND(N23="US", G23>7000)), 1, 0) -> 0 | U23: =IF(OR(L23>=70, I23="Chargeback"), 1, 0) -> 0
A24: T023 | B24: 46082 | C24: =IFERROR(__xludf.DUMMYFUNCTION("ISDATE(B24)"),TRUE) -> TRUE | D24: City Pharma | E24: =PROPER(TRIM(D24)) -> City Pharma | F24: 5200 | G24: =F24*exchange_rates!C3 -> 5616 | H24: EUR | I24: Captured | J24: =PROPER(TRIM(I24)) -> Captured | K24: 42 | L24: =IFERROR(__xludf.DUMMYFUNCTION("IFERROR(VALUE(REGEXREPLACE(TO_TEXT(K24), ""[^0-9]"", """")), K24)"),42) -> 42 | M24: EU | N24: =IF(TRIM(M24)="", "MISSING", UPPER(TRIM(M24))) -> EU | O24: U003 | P24: =VLOOKUP(O24, users!$A$2:$B$11, 2, FALSE) -> Kabir Jain | Q24: Card | R24: =VLOOKUP(E24, merchant_master!$B$2:$C$6, 2, FALSE) -> Elena Rossi | S24: =VLOOKUP(E24, merchant_master!$B$2:$D$6, 3, FALSE) -> Healthcare | T24: =IF(OR(AND(N24="APAC", G24>5000),AND(N24="EU", G24>6000),AND(N24="US", G24>7000)), 1, 0) -> 0 | U24: =IF(OR(L24>=70, I24="Chargeback"), 1, 0) -> 0
A25: T024 | B25: 46083 | C25: =IFERROR(__xludf.DUMMYFUNCTION("ISDATE(B25)"),TRUE) -> TRUE | D25: Eco Home | E25: =PROPER(TRIM(D25)) -> Eco Home | F25: 6100 | G25: =F25*exchange_rates!C6 -> 6649 | H25: EUR | I25: chargeback | J25: =PROPER(TRIM(I25)) -> Chargeback | K25: score:65 | L25: =IFERROR(__xludf.DUMMYFUNCTION("IFERROR(VALUE(REGEXREPLACE(TO_TEXT(K25), ""[^0-9]"", """")), K25)"),65) -> 65 | M25: EU | N25: =IF(TRIM(M25)="", "MISSING", UPPER(TRIM(M25))) -> EU | O25: U004 | P25: =VLOOKUP(O25, users!$A$2:$B$11, 2, FALSE) -> Sofia Rossi | Q25: Card | R25: =VLOOKUP(E25, merchant_master!$B$2:$C$6, 2, FALSE) -> Nina Weber | S25: =VLOOKUP(E25, merchant_master!$B$2:$D$6, 3, FALSE) -> Home | T25: =IF(OR(AND(N25="APAC", G25>5000),AND(N25="EU", G25>6000),AND(N25="US", G25>7000)), 1, 0) -> 1 | U25: =IF(OR(L25>=70, I25="Chargeback"), 1, 0) -> 1
A26: T025 | B26: 46084 | C26: =IFERROR(__xludf.DUMMYFUNCTION("ISDATE(B26)"),TRUE) -> TRUE | D26: City Pharma | E26: =PROPER(TRIM(D26)) -> City Pharma | F26: 2800 | G26: =F26*exchange_rates!C9 -> 3024 | H26: EUR | I26: captured | J26: =PROPER(TRIM(I26)) -> Captured | K26: 38 | L26: =IFERROR(__xludf.DUMMYFUNCTION("IFERROR(VALUE(REGEXREPLACE(TO_TEXT(K26), ""[^0-9]"", """")), K26)"),38) -> 38 | M26: eu | N26: =IF(TRIM(M26)="", "MISSING", UPPER(TRIM(M26))) -> EU | O26: U005 | P26: =VLOOKUP(O26, users!$A$2:$B$11, 2, FALSE) -> Vikram Nair | Q26: Wallet | R26: =VLOOKUP(E26, merchant_master!$B$2:$C$6, 2, FALSE) -> Elena Rossi | S26: =VLOOKUP(E26, merchant_master!$B$2:$D$6, 3, FALSE) -> Healthcare | T26: =IF(OR(AND(N26="APAC", G26>5000),AND(N26="EU", G26>6000),AND(N26="US", G26>7000)), 1, 0) -> 0 | U26: =IF(OR(L26>=70, I26="Chargeback"), 1, 0) -> 0
A27: T026 | B27: 46086 | C27: =IFERROR(__xludf.DUMMYFUNCTION("ISDATE(B27)"),TRUE) -> TRUE | D27: Eco Home | E27: =PROPER(TRIM(D27)) -> Eco Home | F27: 3300 | G27: =F27*exchange_rates!C15 -> 3597 | H27: EUR | I27: Failed E05 Timeout | J27: =PROPER(TRIM(I27)) -> Failed E05 Timeout | K27: 44 | L27: =IFERROR(__xludf.DUMMYFUNCTION("IFERROR(VALUE(REGEXREPLACE(TO_TEXT(K27), ""[^0-9]"", """")), K27)"),44) -> 44 | M27: EU | N27: =IF(TRIM(M27)="", "MISSING", UPPER(TRIM(M27))) -> EU | O27: U006 | P27: =VLOOKUP(O27, users!$A$2:$B$11, 2, FALSE) -> Riya Gupta | Q27: NetBanking | R27: =VLOOKUP(E27, merchant_master!$B$2:$C$6, 2, FALSE) -> Nina Weber | S27: =VLOOKUP(E27, merchant_master!$B$2:$D$6, 3, FALSE) -> Home | T27: =IF(OR(AND(N27="APAC", G27>5000),AND(N27="EU", G27>6000),AND(N27="US", G27>7000)), 1, 0) -> 0 | U27: =IF(OR(L27>=70, I27="Chargeback"), 1, 0) -> 0
A28: T027 | B28: 46082 | C28: =IFERROR(__xludf.DUMMYFUNCTION("ISDATE(B28)"),TRUE) -> TRUE | D28: DELTA TRAVELS | E28: =PROPER(TRIM(D28)) -> Delta Travels | F28: 7200 | G28: =F28 -> 7200 | H28: USD | I28: captured | J28: =PROPER(TRIM(I28)) -> Captured | K28: 49 | L28: =IFERROR(__xludf.DUMMYFUNCTION("IFERROR(VALUE(REGEXREPLACE(TO_TEXT(K28), ""[^0-9]"", """")), K28)"),49) -> 49 | M28: us | N28: =IF(TRIM(M28)="", "MISSING", UPPER(TRIM(M28))) -> US | O28: U007 | P28: =VLOOKUP(O28, users!$A$2:$B$11, 2, FALSE) -> Noah Kim | Q28: Card | R28: =VLOOKUP(E28, merchant_master!$B$2:$C$6, 2, FALSE) -> Marcus Lee | S28: =VLOOKUP(E28, merchant_master!$B$2:$D$6, 3, FALSE) -> Travel | T28: =IF(OR(AND(N28="APAC", G28>5000),AND(N28="EU", G28>6000),AND(N28="US", G28>7000)), 1, 0) -> 1 | U28: =IF(OR(L28>=70, I28="Chargeback"), 1, 0) -> 0
A29: T028 | B29: 46083 | C29: =IFERROR(__xludf.DUMMYFUNCTION("ISDATE(B29)"),TRUE) -> TRUE | D29: Delta Travels | E29: =PROPER(TRIM(D29)) -> Delta Travels | F29: 3100 | G29: =F29 -> 3100 | H29: USD | I29: CAPTURED | J29: =PROPER(TRIM(I29)) -> Captured | K29: risk-41 | L29: =IFERROR(__xludf.DUMMYFUNCTION("IFERROR(VALUE(REGEXREPLACE(TO_TEXT(K29), ""[^0-9]"", """")), K29)"),41) -> 41 | M29: US | N29: =IF(TRIM(M29)="", "MISSING", UPPER(TRIM(M29))) -> US | O29: U008 | P29: =VLOOKUP(O29, users!$A$2:$B$11, 2, FALSE) -> Ishaan Verma | Q29: Card | R29: =VLOOKUP(E29, merchant_master!$B$2:$C$6, 2, FALSE) -> Marcus Lee | S29: =VLOOKUP(E29, merchant_master!$B$2:$D$6, 3, FALSE) -> Travel | T29: =IF(OR(AND(N29="APAC", G29>5000),AND(N29="EU", G29>6000),AND(N29="US", G29>7000)), 1, 0) -> 0 | U29: =IF(OR(L29>=70, I29="Chargeback"), 1, 0) -> 0
A30: T029 | B30: 46085 | C30: =IFERROR(__xludf.DUMMYFUNCTION("ISDATE(B30)"),TRUE) -> TRUE | D30: delta travels | E30: =PROPER(TRIM(D30)) -> Delta Travels | F30: 2500 | G30: =F30 -> 2500 | H30: USD | I30: chargeback | J30: =PROPER(TRIM(I30)) -> Chargeback | K30: score:58 | L30: =IFERROR(__xludf.DUMMYFUNCTION("IFERROR(VALUE(REGEXREPLACE(TO_TEXT(K30), ""[^0-9]"", """")), K30)"),58) -> 58 | M30: US | N30: =IF(TRIM(M30)="", "MISSING", UPPER(TRIM(M30))) -> US | O30: U009 | P30: =VLOOKUP(O30, users!$A$2:$B$11, 2, FALSE) -> Emma Brooks | Q30: Wallet | R30: =VLOOKUP(E30, merchant_master!$B$2:$C$6, 2, FALSE) -> Marcus Lee | S30: =VLOOKUP(E30, merchant_master!$B$2:$D$6, 3, FALSE) -> Travel | T30: =IF(OR(AND(N30="APAC", G30>5000),AND(N30="EU", G30>6000),AND(N30="US", G30>7000)), 1, 0) -> 0 | U30: =IF(OR(L30>=70, I30="Chargeback"), 1, 0) -> 1
A31: T030 | B31: 46087 | C31: =IFERROR(__xludf.DUMMYFUNCTION("ISDATE(B31)"),TRUE) -> TRUE | D31: DELTA TRAVELS | E31: =PROPER(TRIM(D31)) -> Delta Travels | F31: 1800 | G31: =F31 -> 1800 | H31: USD | I31: Failed E05 Timeout | J31: =PROPER(TRIM(I31)) -> Failed E05 Timeout | K31: score:47 | L31: =IFERROR(__xludf.DUMMYFUNCTION("IFERROR(VALUE(REGEXREPLACE(TO_TEXT(K31), ""[^0-9]"", """")), K31)"),47) -> 47 | M31: US | N31: =IF(TRIM(M31)="", "MISSING", UPPER(TRIM(M31))) -> US | O31: U010 | P31: =VLOOKUP(O31, users!$A$2:$B$11, 2, FALSE) -> Liam Carter | Q31: UPI | R31: =VLOOKUP(E31, merchant_master!$B$2:$C$6, 2, FALSE) -> Marcus Lee | S31: =VLOOKUP(E31, merchant_master!$B$2:$D$6, 3, FALSE) -> Travel | T31: =IF(OR(AND(N31="APAC", G31>5000),AND(N31="EU", G31>6000),AND(N31="US", G31>7000)), 1, 0) -> 0 | U31: =IF(OR(L31>=70, I31="Chargeback"), 1, 0) -> 0

Sheet exchange_rates
A1: rate_date | B1: currency | C1: usd_rate
A2: 46082 | B2: INR | C2: 0.0119
A3: 46082 | B3: EUR | C3: 1.08
A4: 46082 | B4: USD | C4: 1
A5: 46083 | B5: INR | C5: 0.012
A6: 46083 | B6: EUR | C6: 1.09
A7: 46083 | B7: USD | C7: 1
A8: 46084 | B8: INR | C8: 0.0121
A9: 46084 | B9: EUR | C9: 1.08
A10: 46084 | B10: USD | C10: 1
A11: 46085 | B11: INR | C11: 0.012
A12: 46085 | B12: EUR | C12: 1.07
A13: 46085 | B13: USD | C13: 1
... A19: 46087 | B19: USD | C19: 1

Sheet merchant_master
A1: merchant_id | B1: merchant_name | C1: account_manager | D1: merchant_category | E1: default_region
A2: M001 | B2: Alpha Mart | C2: Aisha Khan | D2: Grocery | E2: APAC
A3: M002 | B3: Beta Stores | C3: Rohan Mehta | D3: Electronics | E3: APAC
A4: M003 | B4: City Pharma | C4: Elena Rossi | D4: Healthcare | E4: EU
A5: M004 | B5: Delta Travels | C5: Marcus Lee | D5: Travel | E5: US
A6: M005 | B6: Eco Home | C6: Nina Weber | D6: Home | E6: EU

Sheet users
A1: user_id | B1: user_name | C1: signup_date | D1: user_region | E1: risk_tier
A2: U001 | B2: Aarav Shah | C2: 46032 | D2: India | E2: medium
A3: U002 | B3: Meera Iyer | C3: 46040 | D3: India | E3: low
A4: U003 | B4: Kabir Jain | C4: 46044 | D4: India | E4: medium
A5: U004 | B5: Sofia Rossi | C5: 46054 | D5: Italy | E5: low
A6: U005 | B6: Vikram Nair | C6: 46057 | D6: India | E6: medium
A7: U006 | B7: Riya Gupta | C7: 46061 | D7: India | E7: high
A8: U007 | B8: Noah Kim | C8: 46065 | D8: Singapore | E8: medium
A9: U008 | B9: Ishaan Verma | C9: 46068 | D9: India | E9: high
A10: U009 | B10: Emma Brooks | C10: 46073 | D10: USA | E10: medium
A11: U010 | B11: Liam Carter | C11: 46078 | D11: USA | E11: low

Sheet ledger
A1: transaction_id | B1: transaction_date | C1: merchant_id | D1: amount_usd | E1: status | F1: payment_method
A2: R001 | B2: 46082 | C2: M001 | D2: 1200 | E2: success | F2: UPI
A3: R002 | B3: 46082 | C3: M002 | D3: 850 | E3: success | F3: Card
A4: R003 | B4: 46083 | C4: M001 | D4: 500 | E4: success | F4: Wallet
A5: R004 | B5: 46083 | C5: M003 | D5: 2100 | E5: success | F5: Card
A6: R005 | B6: 46084 | C6: M004 | D6: 7200 | E6: success | F6: Card
A7: R006 | B7: 46084 | C7: M002 | D7: 950 | E7: success | F7: UPI
A8: R007 | B8: 46085 | C8: M005 | D8: 3300 | E8: failed | F8: NetBanking
A9: R008 | B9: 46085 | C9: M001 | D9: 640 | E9: success | F9: Card
A10: R009 | B10: 46086 | C10: M002 | D10: 4100 | E10: success | F10: Card
A11: R010 | B11: 46086 | C11: M004 | D11: 2500 | E11: success | F11: Wallet

Sheet gateway
A1: transaction_id | B1: transaction_date | C1: merchant_id | D1: amount_usd | E1: status | F1: payment_method
A2: R001 | B2: 46082 | C2: M001 | D2: 1200 | E2: success | F2: UPI
A3: R002 | B3: 46082 | C3: M002 | D3: 900 | E3: success | F3: Card
A4: R003 | B4: 46083 | C4: M001 | D4: 500 | E4: success | F4: Wallet
A5: R005 | B5: 46084 | C5: M004 | D5: 7200 | E5: failed | F5: Card
A6: R006 | B6: 46084 | C6: M002 | D6: 950 | E6: success | F6: UPI
A7: R007 | B7: 46085 | C7: M005 | D7: 3300 | E7: failed | F7: NetBanking
A8: R008 | B8: 46085 | C8: M001 | D8: 600 | E8: success | F8: Card
A9: R009 | B9: 46086 | C9: M002 | D9: 4100 | E9: success | F9: Card
A10: R011 | B10: 46086 | C10: M003 | D10: 1800 | E10: success | F10: Card
